id,name,title,gender,role
AA005,Andrea Aglić Aljinović,prof. dr. sc.,M,redoviti profesor u trajnom zvanju
TA019,Tomislav Antić,,M,povjera predavanja
MM408,Martina Antonić,izv. prof. dr. sc.,F,izvanredni profesor
AA042,"Ana Anušić,",doc. mag. math.,F,docent
AB168,Ana Babić,izv. prof. dr. sc.,F,izvanredni profesor
JB114,Jurica Babić,izv. prof. dr. sc.,M,izvanredni profesor
MB105,Miroslav Bača,prof. dr. sc.,M,redoviti profesor
MB043,Marina Bagić Babac,izv. prof. dr. sc.,F,izvanredni profesor
IB074,Ivan Bahun,nasl. doc. dr. sc.,M,naslovni docent
ŽB012,Željko Ban,prof. dr. sc.,M,redoviti profesor u trajnom zvanju
AB454,"Antonio Bandur,",univ. mag. ing. el. techn. inf.,M,asistent
MB045,Marko Banek,doc. dr. sc.,M,docent
AM182,Anita Banjac,doc. dr. sc.,F,docent
MB038,Mato Baotić,prof. dr. sc.,M,redoviti profesor u trajnom zvanju
BB195,"Bojana Barać,",mag. ing. el. techn. inf.,F,asistent
AB385,"Ana Barić,",mag. ing. comp.,F,asistent
BB172,Barbara Barun,doc. dr. sc.,F,docent
DB029,Danko Basch,prof. dr. sc.,M,redoviti profesor u trajnom zvanju
HB040,Hrvoje Bašić,dr. sc.,M,povjera predavanja
TB131,Tomislav Baškarad,dr. sc.,M,asistent
MB747,"Matko Batoš,",mag.ing.el.,M,asistent
TB170,"Tessa Bauman,",mag. math.,F,asistent
AB020,Alen Bažant,prof. dr. sc.,M,redoviti profesor u trajnom zvanju
SB217,Stjepan Begušić,doc. dr. sc.,M,docent
MB498,Mateo Beus,doc. dr. sc.,M,docent
PB044,Petra Bevandić,dr. sc.,F,povjera predavanja
BB144,Bart Bijnens,prof. dr. sc.,M,redoviti profesor
VB020,Vedran Bilas,prof. dr. sc.,M,redoviti profesor u trajnom zvanju
EB002,Ervina Bilić,prof. dr. sc.,unknown,redoviti profesor u trajnom izboru
SB025,Stjepan Bogdan,prof. dr. sc.,M,redoviti profesor u trajnom zvanju
FB036,"Filip Bogdanović,",mag. ing. el. techn. inf.,M,asistent
NB020,Nikola Bogunović,prof. dr. sc.,M,redoviti profesor u trajnom zvanju
DB166,Dario Bojanjac,izv. prof. dr. sc.,M,izvanredni profesor
DB031,Davor Bonefačić,prof. dr. sc.,M,redoviti profesor u trajnom zvanju
MB113,Marko Bosiljevac,izv. prof. dr. sc.,M,izvanredni profesor
IB063,Ivana Bosnić,izv. prof. dr. sc.,F,izvanredni profesor
ŽB054,Željka Marija Bošnjak,prof. dr. sc.,F,redoviti profesor
IB042,Ivica Botički,prof. dr. sc.,M,redoviti profesor
JB077,Jelena Božek,doc. dr. sc.,F,docent
TB023,Tomislav Bracanović,dr. sc.,M,povjera predavanja
IB433,"Ivan Brčić,",univ. mag. ing. el. techn. inf.,M,asistent
MB257,Mario Brčić,izv. prof. dr. sc.,M,izvanredni profesor
RB031,Ružica Brečić,izv. prof. dr. sc.,F,izvanredni profesor
AŠ108,Ana Brkić,dr. sc.,F,povjera predavanja
KB033,Karla Brkić,nasl. doc. dr. sc.,F,naslovni docent
LB011,Ljiljana Brkić,prof. dr. sc.,F,redoviti profesor
TB008,Tihana Brkljačić,doc. dr. sc.,F,docent
IB025,Ilko Brnetić,prof. dr. sc.,M,redoviti profesor
LB003,Leo Budin,akademik prof. emer. dr. sc.,M,professor emeritus
MB369,Mario Bukal,izv. prof. dr. sc.,M,izvanredni profesor
TB046,Tomislav Burić,prof. dr. sc.,M,redoviti profesor
MB491,Marin Bužančić,doc. dr. sc.,M,docent
TC010,Tomislav Capuder,izv. prof. dr. sc.,M,izvanredni profesor
MC100,Mateja Car,dr. sc.,F,viši asistent
ŽC000,Željka Car,prof. dr. sc.,F,redoviti profesor u trajnom zvanju
MC009,Mario Cifrek,prof. dr. sc.,M,redoviti profesor u trajnom zvanju
SC033,Stefan Cikota,nasl. doc. dr. sc.,M,naslovni docent
VC033,"Vlatko Crnković,",mag. math.,M,asistent
IČ006,Igor Čavrak,prof. dr. sc.,M,redoviti profesor
VČ009,Vladimir Čeperić,izv. prof. dr. sc.,M,izvanredni profesor
NČ031,"Ninoslav Čerkez,",dr. sc. v. pred.,M,viši predavač
IČ055,"Ivan Čilić,",mag. ing. inf. et comm. techn.,M,asistent
NČ024,Nikolina Čović,dr. sc. tech.,F,asistent
MČ158,"Marko Čuljak,",univ. mag. ing. comp.,M,asistent
MČ005,Marko Čupić,izv. prof. dr. sc.,M,izvanredni profesor
KĆ001,Krešimir Ćosić,nasl. prof. dr. sc.,M,naslovni redoviti profesor u trajnom zvanju
MD007,Martin Dadić,prof. dr. sc.,M,redoviti profesor u trajnom zvanju
BD002,Bojana Dalbelo-Bašić,dr. sc.,F,povjera predavanja
GD010,Goran Delač,izv. prof. dr. sc.,M,izvanredni profesor
MD011,Marko Delimar,prof. dr. sc.,M,redoviti profesor
SD007,Saša Dešić,nasl. izv. prof. dr. sc.,unknown,naslovni izvanredni profesor
RD030,Roee Diamant,izv. prof. dr. sc.,M,izvanredni profesor
MM015,Mirjana Domazet-Lošo,prof. dr. sc.,F,redoviti profesor
JD060,Juraj Dončević,dr. sc.,M,povjera predavanja
AD053,Ana Drandić,doc. dr. sc.,F,docent
ID015,Ivana Dražić Lutilsky,prof. dr. sc.,F,redoviti profesor
BD020,Branimir Dropuljić,dr. sc.,M,povjera predavanja
PD019,Paulina Družijanić,doc. dr. sc.,F,docent
DD112,Dominik Džaja,,M,asistent
HD001,Hrvoje Džapo,prof. dr. sc.,M,redoviti profesor
ID039,Ivo Džijan,prof. dr. sc.,M,redoviti profesor u trajnom izboru
AĐ009,Ante Đerek,izv. prof. dr. sc.,M,izvanredni profesor
MĐ021,Marko Đurasević,izv. prof. dr. sc.,M,izvanredni profesor
IĐ001,Ivan Đurek,prof. dr. sc.,M,redoviti profesor u trajnom zvanju
EE002,"Edi Emanović,",mag. ing. el. techn. inf.,M,asistent
IE000,Igor Erceg,prof. dr. sc.,M,redoviti profesor
ME000,Mario Essert,izv. prof. dr. sc.,M,izvanredni profesor
SF003,Siniša Fajt,prof. dr. sc.,M,redoviti profesor
LF000,Luka Ferković,izv. prof. dr. sc.,M,izvanredni profesor
KF003,Krešimir Fertalj,prof. dr. sc.,M,redoviti profesor u trajnom zvanju
MF128,Mario Filipašić,dr. sc. tech.,M,povjera predavanja
DF037,Davor Filipović,prof. dr. sc.,M,redoviti profesor
DF047,Dalibor Filipović Grčić,dr. sc. -,M,znanstveni suradnik
BF018,Božidar Filipović-Grčić,izv. prof. dr. sc.,M,izvanredni profesor
BF021,Bojan Franc,dr. sc.,M,povjera predavanja
PF007,"Petar Franček,",dipl. ing.,M,asistent
NF022,Nikolina Frid,doc. dr. sc.,F,docent
SF041,Stjepan Frljić,dr. sc.,M,povjera predavanja
MF124,"Marina Furkes,",mag. educ. math. et phys.,F,asistent
TG068,Tereza Gabelić,dr. sc.,F,viši asistent
VG078,"Vlatko Galić,",mag. ing. el. techn. inf.,M,asistent
ZG020,Zdravko Galić,doc. dr. sc.,M,docent
TG015,Tihana Galinac Grbac,prof. dr. sc.,F,redoviti profesor
MG245,Mate Gambiraža,,M,asistent
IG009,Ivan Gašparac,prof. dr. sc.,M,redoviti profesor
VG101,"Velimir Gašparović,",dipl. ing.,M,naslovni asistent
IG107,Ivica Gavranić,nasl. doc. dr. sc.,M,naslovni docent
GG007,Gordan Gledec,prof. dr. sc.,M,redoviti profesor u trajnom izboru
MG004,Marin Golub,prof. dr. sc.,M,redoviti profesor
SG106,"Sven Goluža,",mag. ing. comp.,M,asistent
VG022,Vjeran Gomzi,izv. prof. dr. sc.,M,izvanredni profesor
IG153,"Ivan Grabić,",mag. ing. mech.,M,asistent
DG009,Denis Gračanin,izv. prof. dr. sc.,M,izvanredni profesor
GG034,Goran Grdenić,doc. dr. sc.,M,docent
DG008,Davor Grgić,prof. dr. sc.,M,redoviti profesor u trajnom zvanju
MG012,Mislav Grgić,prof. dr. sc.,M,redoviti profesor u trajnom zvanju
SG006,Sonja Grgić,prof. dr. sc.,F,redoviti profesor u trajnom zvanju
SG007,Stjepan Groš,izv. prof. dr. sc.,M,izvanredni profesor
DG013,Danijela Grozdanić,dr. sc.,F,povjera predavanja
IG136,Ivan Grubišić,,M,asistent
IG025,Igor Gruić,doc. dr. sc.,M,docent
GM067,Mirna Gržanić Antić,doc. dr. sc.,F,docent
EG016,"Emanuel Guberović,",mag. ing. comp.,M,asistent
MH091,Mario Habek,izv. prof. dr. sc.,M,izvanredni profesor
ZH014,Zlatko Hanić,izv. prof. dr. sc.,M,izvanredni profesor
JH004,Juraj Havelka,prof. dr. sc.,M,redoviti profesor
HH003,Hrvoje Hegeduš,izv. prof. dr. sc.,M,izvanredni profesor
LH033,Lin Herenčić,dr. sc.,F,povjera predavanja
NH005,Nikica Hlupić,prof. dr. sc.,unknown,redoviti profesor
TH047,"Tomislav Hlupić,",mag. ing. inf. et comm. techn.,M,povjera predavanja
DH037,Daniel Hofman,izv. prof. dr. sc.,M,izvanredni profesor
NH006,Nataša Hoić Božić,prof. dr. sc. -,F,redoviti profesor
NH028,Ninoslav Holjevac,doc. dr. sc.,M,docent
HH001,Hana Horak,prof. dr. sc.,F,redoviti profesor u trajnom zvanju
DH002,Dubravko Horvat,prof. dr. sc.,M,redoviti profesor
MH017,Marko Horvat,izv. prof. dr. sc.,M,izvanredni profesor
MH061,Marko Horvat,izv. prof. dr. sc.,M,izvanredni profesor
LH003,Lana Horvat Dmitrović,doc. dr. sc.,F,docent
SH003,Silvio Hrabar,prof. dr. sc.,M,redoviti profesor u trajnom zvanju
ID081,Ivana Hrgović,dr. sc.,F,povjera predavanja
TH002,Tomislav Hrkać,izv. prof. dr. sc.,M,izvanredni profesor
DH011,Darko Huljenić,nasl. prof. dr. sc.,M,naslovni redoviti profesor u trajnom zvanju
LH023,Luka Humski,doc. dr. sc.,M,docent
NH025,Nikola Hure,dr. sc.,M,povjera predavanja
ŠI003,Šandor Ileš,izv. prof. dr. sc.,unknown,izvanredni profesor
DI003,Damir Ilić,prof. dr. sc.,M,redoviti profesor u trajnom zvanju
ŽI000,Željko Ilić,prof. dr. sc.,M,redoviti profesor
SI000,Saša Ilijić,izv. prof. dr. sc.,unknown,izvanredni profesor
II013,Ivana Ivančić Baće,prof. dr. sc.,F,redoviti profesor
VI035,Viktor Ivanković,dr. sc.,M,povjera predavanja
TJ028,Tomislav Jagušt,doc. dr. sc.,M,docent
DJ013,Domagoj Jakobović,prof. dr. sc.,M,redoviti profesor u trajnom zvanju
ŽJ000,Željko Jakopović,prof. dr. sc.,M,redoviti profesor u trajnom zvanju
KJ001,Kristian Jambrošić,prof. dr. sc.,M,redoviti profesor u trajnom zvanju
ŽJ017,Žarko Janić,nasl. izv. prof. dr. sc.,M,naslovni izvanredni profesor
RJ002,Radomir Ječmenica,dr. sc.,M,povjera predavanja
GJ030,Goran Jelen,dr. sc.,M,naslovni asistent
LJ003,Leonardo Jelenković,doc. dr. sc.,M,docent
DJ010,Dragan Jevtić,prof. dr. sc.,M,redoviti profesor u trajnom zvanju
GJ004,Gordan Ježić,prof. dr. sc.,M,redoviti profesor u trajnom zvanju
AJ023,Alan Jović,izv. prof. dr. sc.,M,izvanredni profesor
MJ006,Miloš Judaš,prof. dr. sc.,M,redoviti profesor
FJ006,"Filip Jukić,",dr.sc.,M,povjera predavanja
JJ079,"Josip Jukić,",dr.sc.,M,asistent
MJ018,Marko Jurčević,prof. dr. sc.,M,redoviti profesor
TJ001,Tanja Jurčević Lulić,prof. dr. sc.,F,redoviti profesor u trajnom zvanju
MJ060,Marko Jurić,doc. dr. sc.,M,docent
BJ043,Bruno Jurišić,dr. sc.,M,mentor
DJ012,Dražen Jurišić,prof. dr. sc.,M,redoviti profesor u trajnom zvanju
MB489,Maja Jurišić Bellotti,dr. sc.,F,asistent
NK181,Nino Kadić,,M,viši asistent
ZK012,Zoran Kalafatić,izv. prof. dr. sc.,M,izvanredni profesor
IK003,Igor Karšaj,prof. dr. sc.,M,redoviti profesor
DK087,Darko Katović,doc. dr. sc.,M,docent
TK032,Tihomir Katulić,izv. prof. dr. sc.,M,izvanredni profesor
KK125,Kristijan Kilassa Kvaternik,dr. sc.,M,poslijedoktorand
DK307,"Dominik Kisić,",mag. ing. el. techn. inf.,M,asistent
MK316,Miho Klaić,doc. dr. sc.,M,docent
JK013,Josip Knezović,prof. dr. sc.,M,redoviti profesor
FK001,Fetah Kolonić,prof. dr. sc.,F,redoviti profesor u trajnom zvanju
MK246,Miroslav Končar,nasl. doc. dr. sc.,M,naslovni docent
JK118,Jure Konjevod,dr. sc.,M,povjera predavanja
MK054,Marko Koričić,izv. prof. dr. sc.,M,izvanredni profesor
BK153,Blaž Korotaj,dr. sc.,M,asistent
ZK020,Zvonko Kostanjčar,prof. dr. sc.,M,redoviti profesor
IK203,Iva Kostešić,dr. sc.,F,asistent
MK045,Mario Kovač,prof. dr. sc.,M,redoviti profesor
DK139,Domagoj Kovačević,izv. prof. dr. sc.,M,izvanredni profesor
TK131,Tomislav Kovačević,dr. sc. tech.,M,povjera predavanja
MK275,Marinko Kovačić,izv. prof. dr. sc.,M,izvanredni profesor
AŠ122,Agneza Krajna,,F,asistent
IK295,"Ivan Kralj,",mag. ing. inf. et comm. techn.,M,asistent
MŽ069,Matea Kraševac,dr. sc.,unknown,povjera predavanja
MK409,Magdalena Krbot Skorić,nasl. izv. prof. dr. sc.,F,naslovni izvanredni profesor
MK222,Miljenko Krhen,doc. dr. sc.,M,docent
SK098,Severino Krizmanić,izv. prof. dr. sc.,M,izvanredni profesor
KK004,Krešimir Križanović,doc. dr. sc.,M,docent
MK494,"Marko Križmančić,",mag. ing. el. techn. inf.,M,asistent
MK009,Mario Krnić,prof. dr. sc.,M,redoviti profesor u trajnom zvanju
IK021,Igor Krois,prof. dr. sc.,M,redoviti profesor u trajnom izboru
MK408,"Matej Krpan,",mag. ing. el. techn. inf.,M,asistent
AK191,Adrian Satja Kurdija,doc. dr. sc.,M,docent
MK056,Mario Kušek,prof. dr. sc.,M,redoviti profesor u trajnom izboru
MK234,Martina Kutija,izv. prof. dr. sc.,F,izvanredni profesor
IK023,Igor Kuzle,prof. dr. sc.,M,redoviti profesor u trajnom zvanju
IK253,"Igor Kvasić,",mag. ing. el. techn. inf.,M,asistent
IL009,Igor Lacković,prof. dr. sc.,M,redoviti profesor u trajnom zvanju
DL005,Darko Landek,prof. dr. sc.,M,redoviti profesor
IL008,Ivan Leniček,prof. dr. sc.,M,redoviti profesor
VL042,Vinko Lešić,izv. prof. dr. sc.,M,izvanredni profesor
ML202,Matija Livaić,,unknown,asistent
JL062,Josip Lončar,izv. prof. dr. sc.,M,izvanredni profesor
SL003,Sven Lončarić,akademik prof. dr. sc.,M,redoviti profesor u trajnom zvanju
IL006,Ignac Lovrek,akademik prof. emer. dr. sc.,M,professor emeritus
ŽL007,Željka Lučev Vasić,izv. prof. dr. sc.,F,izvanredni profesor
RM005,Ratko Magjarević,prof. dr. sc.,M,redoviti profesor u trajnom zvanju
KM005,Krešimir Malarić,prof. dr. sc.,M,redoviti profesor u trajnom zvanju
RM006,Roman Malarić,prof. dr. sc.,M,redoviti profesor u trajnom zvanju
NM062,Nenad Malenica,izv. prof. dr. sc.,M,izvanredni profesor
KM123,Katarina Mandarić Brčić,dr. sc. tech.,F,povjera predavanja
TM034,Tvrtko Mandić,doc. dr. sc.,M,docent
IM130,Ivan Marković,prof. dr. sc.,M,redoviti profesor
TM166,Tomislav Marković,doc. dr. sc.,M,docent
FM047,"Filip Martinović,",mag. math.,M,asistent
PM071,"Petra Maruševec,",mag. phys.,F,asistent
MM041,Maja Matijašević,prof. dr. sc.,F,redoviti profesor u trajnom zvanju
MM210,Mario Matijević,izv. prof. dr. sc.,M,izvanredni profesor
KM041,Krešimir Matković,nasl. prof. dr. sc.,M,naslovni redoviti profesor
IZ041,"Ivana Matovinović,",mag. ing. inf. et comm. techn.,F,asistent
TM154,Tomislav Matulić,,M,asistent
JM019,Jadranko Matuško,prof. dr. sc.,M,redoviti profesor u trajnom izboru
IM023,Igor Mekterović,prof. dr. sc.,M,redoviti profesor
ŽM009,Željka Mihajlović,prof. dr. sc.,F,redoviti profesor u trajnom zvanju
MM133,Maja Mihelja Žaja,izv. prof. dr. sc.,F,izvanredni profesor
LV035,Lenka Mihoković,izv. prof. dr. sc.,F,izvanredni profesor
BM017,Branko Mikac,dr. sc.,M,povjera predavanja
DM078,Damjan Miklić,dr. sc.,M,povjera predavanja
MM036,Miljenko Mikuc,izv. prof. dr. sc.,M,izvanredni profesor
AM295,Antun Mikulecky,dr. sc.,M,povjera predavanja
VM023,Vladimir Mikuličić,prof. dr. sc.,M,redoviti profesor
VM028,Viktor Milardić,prof. dr. sc.,M,redoviti profesor
AB292,Ana Milas,,F,asistent
BM003,Boris Milašinović,prof. dr. sc.,M,redoviti profesor
AM272,Andrija Miličević,,M,asistent
JM020,Josipa Pina Milišić,prof. dr. sc.,F,redoviti profesor
NM028,Nikola Mišković,prof. dr. sc.,M,redoviti profesor u trajnom izboru
DM269,Dunja Mladenič,prof. dr. sc.,F,redoviti profesor
DM166,Danijel Mlinarić,doc. dr. sc.,M,docent
HM003,Hrvoje Mlinarić,prof. dr. sc.,M,redoviti profesor
GM011,Goran Molnar,nasl. izv. prof. dr. sc.,M,naslovni izvanredni profesor
VM020,Vedran Mornar,prof. emer. dr. sc.,M,professor emeritus
PM019,Petar Mostarac,izv. prof. dr. sc.,M,izvanredni profesor
MM828,"Mario Mustapić,",mag. ing. comp.,M,naslovni asistent
ĐN004,Đula Nađ,doc. dr. sc.,unknown,docent
AN006,Anamari Nakić,izv. prof. dr. sc.,F,izvanredni profesor
SN000,Saša Nikšić,prof. dr. sc.,unknown,redoviti profesor
BN020,Branimir Novoselnik,izv. prof. dr. sc.,M,izvanredni profesor
HN008,Hrvoje Nuić,,M,asistent
KO008,Karlo Obrovac,dr. sc.,M,viši stručni suradnik
DO012,Dinko Oletić,doc. dr. sc.,M,docent
MO007,Mislav Ante Omazić,izv. prof. dr. sc.,M,izvanredni profesor
MO025,Matko Orsag,izv. prof. dr. sc.,M,izvanredni profesor
MO056,Marin Oršić,dr. sc.,M,povjera predavanja
SP144,Sebastian Pado,prof. dr. sc.,M,redoviti profesor
PP004,Predrag Pale,prof. dr. sc.,M,redoviti profesor
HP012,Hrvoje Pandžić,prof. dr. sc.,M,redoviti profesor
IP021,Igor Sunday Pandžić,prof. dr. sc.,M,redoviti profesor u trajnom zvanju
FP036,Fausto Miguel Pascoal Ferreira,doc. dr. sc.,M,docent
MP025,Mervan Pašić,prof. dr. sc.,unknown,redoviti profesor u trajnom zvanju
LP141,"Leo Patrlj,",mag. ing. el. techn. inf.,M,asistent
MP032,Mario Osvin Pavčević,prof. dr. sc.,M,redoviti profesor u trajnom zvanju
IP017,Ivica Pavić,prof. dr. sc.,M,redoviti profesor u trajnom zvanju
JP039,Jadranka Pečar-Ilić,nasl. izv. prof. dr. sc.,F,naslovni izvanredni profesor
BP011,Branimir Pejčinović,prof. dr. sc.,M,redoviti profesor
NP007,Nedjeljko Perić,prof. emer. dr. sc.,unknown,professor emeritus
BP104,"Branimir Pervan,",dr.sc.,M,povjera predavanja
ŽP029,Željka Petelin Gadže,prof. dr. sc.,F,redoviti profesor
TP003,Tomislav Petković,prof. dr. sc.,M,redoviti profesor u trajnom zvanju
TP007,Tomislav Petković,izv. prof. dr. sc.,M,izvanredni profesor
AP011,Antonio Petošić,prof. dr. sc.,M,redoviti profesor
FP016,Frano Petric,dr. sc.,M,povjera predavanja
DP024,Davor Petrinović,prof. dr. sc.,M,redoviti profesor
BP141,Bojan Petrović,prof.,M,redoviti profesor
IP019,Ivan Petrović,akademik prof. dr. sc.,M,redoviti profesor u trajnom zvanju
JP085,Juraj Petrović,doc. dr. sc.,M,docent
LP091,Luka Petrović,dr. sc.,M,povjera predavanja
TP046,Tamara Petrović,izv. prof. dr. sc.,F,izvanredni profesor
SP138,Stjepan Picek,prof. dr. sc.,M,redoviti profesor
AP103,Ana Pilipović,doc. dr. sc.,F,docent
DP031,Damir Pintar,prof. dr. sc.,M,redoviti profesor
VP165,"Vedran Planinec,",mag. ing. el. techn. inf.,M,povjera predavanja
SP014,Sanda Pleslić,doc. dr. sc.,F,docent
IP020,Ivana Podnar Žarko,prof. dr. sc.,F,redoviti profesor u trajnom zvanju
VP035,Vedran Podobnik,prof. dr. sc.,M,redoviti profesor
MP138,Mirko Poljak,izv. prof. dr. sc.,M,izvanredni profesor
SP018,Siniša Popović,izv. prof. dr. sc.,M,izvanredni profesor
PP008,Petra Posedel Šimović,nasl. doc. dr. sc.,F,naslovni docent
DP286,"Dorotea Potoč Starčević,",mag. ing. el. techn. inf.,F,asistent
SP204,"Stjepan Požgaj,",mag. inf. et math.,M,asistent
LP082,Luka Pravica,doc. dr. sc.,M,docent
KP009,Krešimir Pripužić,prof. dr. sc.,M,redoviti profesor
MP369,Mate Puljiz,izv. prof. dr. sc.,M,izvanredni profesor
LP105,Liljana Puškar,,F,asistent
SR118,"Sandro Radan,",mag. phys.,M,asistent
GR031,Goran Rajić,mr. sc.,M,stručni suradnik
IR035,Ivan Rajšl,izv. prof. dr. sc.,M,izvanredni profesor
MR011,Mirko Randić,izv. prof. dr. sc.,M,izvanredni profesor
SR101,Sara Raos,dr. sc. tech.,F,povjera predavanja
SR005,Slobodan Ribarić,prof. dr. sc.,M,redoviti profesor u trajnom zvanju
NR069,"Nikolina Roso,",univ. mag. ing. comp.,F,asistent
DS039,Dubravko Sabolić,nasl. prof. dr. sc.,M,naslovni redoviti profesor u trajnom zvanju
DS118,Denis Salopek,dr. sc.,M,povjera predavanja
ZS000,Zdravko Schauperl,prof. dr. sc.,M,redoviti profesor u trajnom izboru
MS060,Marija Seder,prof. dr. sc.,F,redoviti profesor
GS042,Goran Sedmak,doc. dr. sc.,M,docent
DS013,Damir Seršić,prof. dr. sc.,M,redoviti profesor u trajnom zvanju
IS160,"Ivan Sičić,",mag. ing. comp.,M,asistent
DF001,Dubravka Sinčić,prof. dr. sc.,F,redoviti profesor
IS128,Igor Sirotić,dr. sc.,M,povjera predavanja
PS020,Pavle Skočir,doc. dr. sc.,M,docent
MS033,Minea Skok,dr. sc.,F,povjera predavanja
LS009,Lea Skorin-Kapov,prof. dr. sc.,F,redoviti profesor
NS016,Nina Skorin-Kapov,nasl. izv. prof. dr. sc.,F,naslovni izvanredni profesor
TS006,Tamara Sladoljev-Agejev,dr. sc.,F,povjera predavanja
VS109,Vladimir Slošić,,M,asistent
MS222,Marko Sossich,dr. sc.,M,povjera predavanja
AS038,Ana Sović Kržić,izv. prof. dr. sc.,F,izvanredni profesor
MS026,Mario Spremić,prof. dr. sc.,M,redoviti profesor
SV114,Sara Srebot,dr. sc.,F,povjera predavanja
VS014,Vlado Sruk,izv. prof. dr. sc.,M,izvanredni profesor
TS037,Tomislav Staroveški,izv. prof. dr. sc.,M,izvanredni profesor
NS081,Nina Stipetić,dr. sc.,F,povjera predavanja
SS068,Stjepan Stipetić,prof. dr. sc.,M,redoviti profesor
MS038,Marko Subašić,prof. dr. sc.,M,redoviti profesor
MS102,Mia Suhanek,doc. dr. sc.,F,docent
TS003,Tomislav Suligoj,prof. dr. sc.,M,redoviti profesor u trajnom zvanju
DS018,Damir Sumina,prof. dr. sc.,M,redoviti profesor
AS065,Ana Sušac,izv. prof. dr. sc.,F,izvanredni profesor
AS003,Aleksandar Sušić,prof. dr. sc.,M,redoviti profesor
MS074,Mirko Sužnjević,izv. prof. dr. sc.,M,izvanredni profesor
SŠ018,Siniša Šadek,izv. prof. dr. sc.,M,izvanredni profesor
SŠ099,Stjepan Šebek,doc. dr. sc.,M,docent
KŠ063,Karlo Šepetanc,dr. sc.,M,povjera predavanja
DŠ091,Danijel Šestan,izv. prof. dr. sc.,M,izvanredni profesor
MŠ026,Mile Šikić,prof. dr. sc.,M,redoviti profesor u trajnom zvanju
TŠ000,Tomislav Šikić,izv. prof. dr. sc.,M,izvanredni profesor
MŠ093,Marin Šilić,izv. prof. dr. sc.,M,izvanredni profesor
ZŠ007,Zdenko Šimić,izv. prof. dr. sc.,M,izvanredni profesor
DŠ012,Dina Šimunić,prof. dr. sc.,F,redoviti profesor u trajnom zvanju
ZŠ009,Zvonimir Šipuš,akademik prof. dr. sc.,M,redoviti profesor u trajnom zvanju
GŠ002,Gordan Šišul,prof. dr. sc.,M,redoviti profesor
FŠ011,Frano Škopljanac-Mačina,doc. dr. sc.,M,docent
DŠ010,Davor Škrlec,prof. dr. sc.,M,redoviti profesor u trajnom zvanju
DŠ019,Dejan Škvorc,prof. dr. sc.,M,redoviti profesor
JŠ016,Jan Šnajder,prof. dr. sc.,M,redoviti profesor
RŠ022,Renato Šoić,dr. sc. tech.,M,asistent
FŠ014,Filip Šuligoj,doc. dr. sc.,M,docent
MŠ144,Marko Švaco,doc. dr. sc.,M,docent
AT030,Azra Tafro,izv. prof. dr. sc.,F,izvanredni profesor
ST004,Sejid Tešnjak,prof. dr. sc.,unknown,redoviti profesor
ZT022,Zvonimir Tomičević,izv. prof. dr. sc.,M,izvanredni profesor
BT011,Bojan Trkulja,prof. dr. sc.,M,redoviti profesor
KT002,Krešimir Trontl,prof. dr. sc.,M,redoviti profesor
KT019,Krunoslav Tržec,dr. sc.,M,povjera predavanja
FT018,Filip Turčinović,,M,asistent
MT153,Martin Tutek,dr. sc.,M,povjera predavanja
IU003,Ivo Uglešić,prof. dr. sc.,M,redoviti profesor u trajnom zvanju
IM123,Inga Urlić,prof. dr. sc.,F,redoviti profesor
DV152,Dirk Van Hertem,prof. dr. sc.,M,redoviti profesor
DV015,Darko Vasić,prof. dr. sc.,M,redoviti profesor
GV017,Goran Vasiljević,doc. dr. sc.,M,docent
MV031,Mario Vašak,prof. dr. sc.,M,redoviti profesor u trajnom zvanju
IV001,Igor Velčić,prof. dr. sc.,M,redoviti profesor
MV367,"Marta Vidas,",univ. mag. ing. comp.,F,asistent
LV037,Lana Virag,doc. dr. sc.,F,docent
DT050,Dijana Vitas,dr. sc.,F,znanstveni suradnik
KV017,Klemo Vladimir,izv. prof. dr. sc.,unknown,izvanredni profesor
DV062,Domagoj Vlah,izv. prof. dr. sc.,M,izvanredni profesor
RV025,Rebeka Danijela Vlahov,izv. prof. dr. sc.,F,izvanredni profesor
IV047,Igor Vlahović,prof. dr. sc.,M,redoviti profesor u trajnom zvanju
KP108,"Katarina Vodvarka,",dr. sc. tech.,F,asistent
MV028,Mihaela Vranić,prof. dr. sc.,F,redoviti profesor
MV025,Mario Vražić,prof. dr. sc.,M,redoviti profesor u trajnom izboru
FV023,Filip Vrbanc,dr. sc. tech.,M,asistent
BV005,Boris Vrdoljak,prof. dr. sc.,M,redoviti profesor u trajnom zvanju
DV190,Donik Vršnak,dr. sc.,M,povjera predavanja
MV024,Mladen Vučić,prof. dr. sc.,M,redoviti profesor u trajnom zvanju
FV006,Feđa Vukić,prof. dr. sc.,M,redoviti profesor
ZV003,Zoran Vukić,prof. dr. sc.,M,redoviti profesor u trajnom zvanju
JV052,Josip Vuković,doc. dr. sc.,M,docent
MV061,Marin Vuković,prof. dr. sc.,M,redoviti profesor
MV004,Mladen Vuković,prof. dr. sc.,M,redoviti profesor
JT063,"Jelena Vuletić,",mag. ing. el. techn. inf.,F,asistent
IP218,Ivana Zagorščak,dr. sc.,F,viši asistent
IZ016,Ivona Zakarija,doc. dr. sc.,F,docent
SZ002,Slaven Zakošek,doc. dr. sc.,M,docent
RZ003,Radovan Zentner,prof. dr. sc.,M,redoviti profesor
MZ053,Matija Zidar,dr. sc.,unknown,povjera predavanja
MŽ007,Mario Žagar,prof. dr. sc.,M,redoviti profesor u trajnom zvanju
MŽ015,Martin Žagar,doc. dr. sc.,M,docent
DŽ004,Damir Žarko,prof. dr. sc.,M,redoviti profesor u trajnom zvanju
IŽ055,"Ivana Žeger,",mag. ing. inf. et comm. techn.,F,asistent
AŽ005,Ana Žgaljić Keko,doc. dr. sc.,F,docent
NŽ011,Nera Žigić,,F,povjera predavanja
JŽ022,Josip Žubrinić,doc. dr. sc.,M,docent
TŽ015,Tomislav Župan,nasl. doc. dr. sc.,M,naslovni docent
VŽ003,Vesna Županović,prof. dr. sc.,F,redoviti profesor u trajnom zvanju
